П'єр-Марі,Пьер-Мари,Пьер-Мария,,,18,
Загородній,Загородний,Загородный,,,11,!
Яким,Яким,Ефим,,,11,
Адріяна,Адрияна,Адриана,,,10,
Гафійка,Гафийка,,,,10,
Дарійка,Дарийка,,,,10,
Каладжі-бей,Каладжи-бей,,,,10,
Навзікая,Навзикая,Навсикая,,,10,
Овер'ян,Оверьян,Аверьян,,,10,
Флорізель,Флоризель,,,,10,
Цірцея,Цирцея,,,,10,
ВІЛ-інфікований,ВИЧ-инфицированный,,,,9,!
Орися,Орыся,Орися,,,9,
Веремій,Веремей,Еремей,,,8,
Еліот,Элиот,Эллиот,,,8,
Мірча,Мирча,Мирчу,,,8,
Прокопівна,Прокофьевна,Прокопиевна,,,8,!
Ісак,Исаак,Исак,,,7,
Андріян,Андриян,Андриан,,,7,
Вільям,Уильям,Вильям,,,7,
Данило,Данила,Даниил,Данил,Данило,7,@
Жан-Марі,Жан-Мари,Ян-Мари,,,7,
Кара-Мустафа,Кара-Мустафа,,,,7,
Марі-Клер,Мари-Клер,Мари-Клэр,,,7,
Онуфрій,Онуфрий,Ануфрий,,,7,
Сніжана,Снежана,Снежанна,,,7,
Соломія,Соломия,,,,7,
Френсіс,Френсис,Фрэнсис,,,7,
Христіан,Кристиан,Христиан,,,7,
Авдій,Авдей,Авдий,,,6,
Алік,Алек,Алик,,,6,
Ганнуся,Ганнуся,Анна,Анечка,Аннушка,6,@
Наталія,Наталья,Наталия,,,6,@
Дмитрик,Дмитрий,Дмитрик,Дима,,5,
Зоряна,Зоряна,Заряна,,,5,
Левко,Левко,Леонтий,,,5,
Миколка,Николай,Николка,,,5,
Настуся,Настуся,Настя,,,5,
Параска,Параска,Прасковья,,,5,
Тетянка,Татьяна,Таня,,,5,
Іванко,Иванко,Иван,Ваня,,4,
Андрійко,Андрейко,Андрей,,,4,
Даринка,Дарина,Даринка,Дарья,Даша,4,
Мавка,Мавка,,,,4,!
Настуня,Настуня,Анастасия,Настюня,,4,
Одарка,Одарка,Дарья,,,4,
Опанас,Панас,Афанасий,Опанас,,4,
Палажка,Палашка,Пелагея,,,4,
Явдоха,Евдокия,,,,4,
Євген,Евгений,,,,3,
Єремія,Иеремия,,,,3,
Іларіон,Илларион,,,,3,
Інокентій,Иннокентий,,,,3,
Ієронім,Иероним,,,,3,
Гафія,Агафья,,,,3,
Гебріел,Гэбриэл,Габриель,Гебриель,,3,
Дарина,Дарина,Дарья,,,3,
Демієн,Дэмиен,Демьян,Демиен,,3,
Деніел,Даниель,Дениель,Дэниел,,3,
Дімітріс,Димитрис,,,,3,
Діонісій,Дионисий,,,,3,
Емілія,Эмилия,,,,3,
Казанова,Казан,,,,3,!
Катруся,Катерина,Екатерина,Катруся,Катя,3,
Коломієць,Коломиец,,,,3,!
Компанієць,Компаниец,,,,3,!
Кукринікси,Кукрыниксы,,,,3,!
Лускунчик,Щелкунчик,,,,3,!
Лівіу-Дітер,Ливиу-Дитер,,,,3,
Марі-Елізабет,Мари-Элизабет,Мери-Елизавета,,,3,
Надійка,Надежда,Наденька,,,3,
Настасія,Настасья,Анастасия,,,3,
Ничипір,Никифор,,,,3,
Онопрій,Онуфрий,,,,3,
Параскевія,Прасковья,,,,3,
Теодозій,Феодосий,Теодосий,,,3,
Теодозія,Феодосия,Теодосия,,,3,
Філіп,Филипп,,,,3,
Євгеній,Евгений,,,,2,
Євгенія,Евгения,,,,2,
Євдокія,Евдокия,,,,2,
Євпраксія,Евпраксия,,,,2,
Євстафій,Евстафий,,,,2,
Євстахій,Евстахий,,,,2,
Євстратій,Евстратий,,,,2,
Єгова,Иегова,,,,2,
Ємець,Емец,,,,2,!
Єпіфан,Епифан,,,,2,
Єрофій,Ерофей,,,,2,
Єфросинія,Ефросинья,Евфросинья,,,2,
Ібрагім,Ибрагим,,,,2,
Ігнатій,Игнатий,Игнат,,,2,
Ізраель,Израэль,,,,2,
Ізраїль,Израиль,,,,2,
Ізіда,Изида,,,,2,
Іларія,Илария,Иллария,,,2,
Ілля,Илья,,,,2,
Іліодор,Илиодор,,,,2,
Іммануїл,Иммануил,Эммануил,,,2,
Індіра,Индира,,,,2,
Інеса,Инесса,,,,2,
Іоан,Иоанн,,,,2,
Іпатій,Ипатий,,,,2,
Іполит,Ипполит,,,,2,
Іраклій,Ираклий,,,,2,
Ірванець,Ирванец,,,,2,!
Ірвін,Ирвин,,,,2,
Ірена,Ирэна,Ирена,Ирина,,2,
Ісмаїл,Исмаил,Измаил,,,2,
Ісус,Иисус,,,,2,
Ієн,Иен,Йен,,,2,
Аеліта,Аэлита,,,,2,
Альона,Алена,,,,2,
Алісія,Алисия,Алиса,,,2,
Аріель,Ариэль,,,,2,
Биструшкін,Быструшкин,,,,2,!
Бйорн,Бьерн,Бьорн,,,2,
Богоматір,Богоматерь,,,,2,!
Браян,Брайан,,,,2,
Бригінець,Бригинец,,,,2,!
Білосніжка,Белоснежка,,,,2,!
Біньямін,Биньямин,Беньямин,Бенджамин,,2,
Василь,Василий,Василь,,,2,
Вейн,Уэйн,,,,2,
Веніамін,Вениамин,Веньямин,,,2,
Вергілій,Вергилий,,,,2,
Володимир,Владимир,,,,2,
Володислав,Владислав,,,,2,
Всевишній,Всевышний,,,,2,!
Вівіан,Вивиан,Вивьен,,,2,
Вікентій,Викентий,,,,2,
Вікторія,Виктория,,,,2,
Вільфрід,Уилфред,Вильфрид,,,2,
Вінні-Пух,Винни-Пух,,,,2,!
Вінстон,Уинстон,Винстон,,,2,
Віссаріон,Виссарион,,,,2,
Віталій,Виталий,,,,2,
Віталік,Виталик,Виталий,,,2,
Віталіна,Виталина,,,,2,
Габріела,Габриэла,Габриела,,,2,
Габріель,Габриэль,Габриель,,,2,
Гаврило,Гаврил,Гавриил,,,2,
Гайнрих,Генрих,,,,2,
Гайнріх,Хайнрих,Хейнрих,,,2,
Ганна,Анна,,,,2,
Геєць,Геец,,,,2,!
Гнат,Игнат,Гнат,,,2,
Гриць,Гриша,Грыць,,,2,
Данаїди,Данаиды,,,,2,!
Даніел,Даниэл,Даниел,,,2,
Даніель,Даниэль,Даниель,,,2,
Девід,Дэвид,,,,2,
Деміен,Дэмиен,,,,2,
Дмитро,Дмитрий,,,,2,
Домінік,Доминик,,,,2,
Достоєвський,Достоевский,,,,2,!
Діоніс,Дионис,,,,2,
Дітріх,Дитрих,,,,2,!
Евеліна,Эвелина,,,,2,
Едвін,Эдвин,,,,2,
Едіп,Эдип,,,,2,
Едіта,Эдита,,,,2,
Елвін,Элвин,,,,2,
Елвіс,Элвис,,,,2,
Елліот,Эллиот,Элиот,,,2,*
Елліотт,Эллиотт,,,,2,*
Еллісон,Эллисон,Элисон,,,2,*
Елоїза,Элоиза,,,,2,
Ельвіра,Эльвира,,,,2,
Еліас,Элиас,Илайя,,,2,@
Еліза,Элиза,Эльза,,,2,@
Еліна,Элина,,,,2,
Емануель,Эмануэль,,,,2,
Еммануель,Эммануэль,,,,2,*
Еммануїл,Эммануил,,,,2,*
Еміл,Эмил,Эмиль,,,2,
Еміль,Эмиль,,,,2,
Ервін,Эрвин,,,,2,
Ерліх,Эрлих,,,,2,!
Ерік,Эрик,,,,2,
Еріка,Эрика,,,,2,
Еріх,Эрих,,,,2,
Етьєн,Этьен,,,,2,
Жан-П'єр,Жан-Пьер,,,,2,
Захар,Захар,,,,2,
Зінаїда,Зинаида,,,,2,
Зінедін,Зинедин,,,,2,
Зіновій,Зиновий,,,,2,
Йоган,Иоганн,,,,2,
Йосип,Иосиф,,,,2,
Казімєж,Казимеж,,,,2,
Катерина,Екатерина,,,,2,
Костянтин,Константин,,,,2,
Крістіан,Кристиан,,,,2,
Крістіна,Кристина,,,,2,
Кіндратій,Кондратий,,,,2,
Льоня,Леня,,,,2,
Лідія,Лидия,,,,2,
Марі-Елен,Мари-Элен,,,,2,
Марі-Жозефіна,Мари-Жозефина,,,,2,
Маріана,Марианна,,,,2,
Марієтта,Мариетта,,,,2,
Микола,Николай,,,,2,
Михайло,Михаил,,,,2,
Мустафа-ефенді,Мустафа-эфенди,,,,2,
Мікаель,Микаэль,Михаэль,,,2,
Мітрідат,Митридат,,,,2,
Міхаель,Михаэль,,,,2,
Наталка,Наталья,,,,2,
Натаніель,Натаниэль,Натаниель,,,2,
Нуріель,Нуриэль,,,,2,
Нікіта,Никита,,,,2,
Овсій,Евсей,,,,2,
Овідій,Овидий,,,,2,
Оксентій,Аксентий,,,,2,
Олексій,Алексей,,,,2,
Олівія,Оливия,,,,2,
Омелян,Емельян,,,,2,
П'єр,Пьер,,,,2,
Павло,Павел,,,,2,
Паїсій,Паисий,,,,2,
Пилип,Филипп,,,,2,
Пріська,Приска,,,,2,*
Пігмаліон,Пигмалион,,,,2,*
Раян,Райан,Раян,,,2,
Рєпін,Репин,,,,2,*
Саватій,Савватий,,,,2,
Сашко,Саша,,,,2,
Семюел,Самуэль,Сэмюэл,,,2,@
Семюель,Самуэль,Сэмюэл,,,2,@
Семіраміда,Семирамида,,,,2,*
Сесілія,Сесилия,,,,2,
Сміяна,Смеяна,,,,2,*
Софі-Марія,Софи-Мария,,,,2,
Сізіф,Сизиф,,,,2,*
Сільвія,Сильвия,,,,2,
Таріел,Тариэл,,,,2,*
Таїп,Тайип,,,,2,
Таїсія,Таисия,,,,2,
Тетяна,Татьяна,,,,2,
Тревіс,Тревис,Трэвис,,,2,
Тьєрі,Тьери,Тиери,,,2,
Тіціан,Тициан,,,,2,*
Фаб'єн,Фабьен,,,,2,
Фрідріх,Фридрих,,,,2,
Філіпп,Филипп,,,,2,
Хав'єр,Хавьер,,,,2,
Штірліц,Штирлиц,,,,2,*
Юхим,Ефим,,,,2,
Єва,Ева,,,,1,
Євграф,Евграф,,,,1,
Євдоким,Евдоким,,,,1,
Євсей,Евсей,,,,1,
Єгор,Егор,,,,1,
Єлена,Елена,,,,1,
Єлизавета,Елизавета,,,,1,
Єлисей,Елисей,,,,1,
Єрмолай,Ермолай,,,,1,
Єфрем,Ефрем,,,,1,
Іван,Иван,,,,1,
Іванка,Иванка,,,,1,
Іванна,Иванна,,,,1,
Івасик,Ивасик,,,,1,
Івета,Иветта,,,,1,
Ігнат,Игнат,Игнатий,,,1,
Іда,Ида,,,,1,
Ізольда,Изольда,,,,1,
Ікар,Икар,,,,1,*
Ілона,Илона,,,,1,
Ілько,Илько,,,,1,
Ільф,Ильф,,,,1,*
Ільхам,Ильхам,,,,1,
Інга,Инга,,,,1,
Інгмар,Ингмар,,,,1,
Інна,Инна,,,,1,
Іоанна,Иоанна,,,,1,
Іра,Ира,,,,1,
Ірина,Ирина,,,,1,
Іринка,Иринка,,,,1,
Ірма,Ирма,,,,1,
Ісаак,Исаак,,,,1,
Ісидор,Исидор,,,,1,
Ісхак-бей,Исхак-бей,,,,1,
Іцхак,Ицхак,,,,1,
Іштван,Иштван,,,,1,
Абді-ага,Абди-ага,,,,1,
Аврелій,Аврелий,,,,1,
Автанділ,Автандил,,,,1,
Авігдор,Авигдор,,,,1,
Агафія,Агафья,,,,1,
Агнеса,Агнесса,,,,1,
Адріан,Адриан,,,,1,
Азіза,Азиза,,,,1,
Акакій,Акакий,,,,1,
Алексій,Алексий,,,,1,
Алексіс,Алексис,,,,1,
Альбіна,Альбина,,,,1,
Альгірдас,Альгирдас,,,,1,
Алібек,Алибек,,,,1,
Аліна,Алина,,,,1,
Аліса,Алиса,,,,1,
Алістер,Алистер,,,,1,
Алішер,Алишер,,,,1,
Амброзій,Амброзий,,,,1,
Амвросій,Амвросий,,,,1,
Амелія,Амелия,,,,1,
Амір,Амир,,,,1,
Анастасія,Анастасия,,,,1,
Анатолій,Анатолий,,,,1,
Ангеліна,Ангелина,,,,1,
Анджеліна,Анджелина,,,,1,
Андріан,Андриан,,,,1,
Андріана,Андриана,,,,1,
Андрій,Андрей,,,,1,
Андріс,Андрис,,,,1,
Анжеліка,Анжелика,,,,1,
Анжеліна,Анжелина,,,,1,
Антоній,Антоний,,,,1,
Антоніс,Антонис,,,,1,
Антін,Антон,,,,1,
Анубіс,Анубис,,,,1,*
Анфіса,Анфиса,,,,1,
Арвідас,Арвидас,,,,1,
Аркадій,Аркадий,,,,1,
Арсеній,Арсений,,,,1,
Артеміда,Артемида,,,,1,
Артемій,Артемий,,,,1,
Архімед,Архимед,,,,1,*
Аріадна,Ариадна,,,,1,
Аттіла,Аттила,,,,1,
Ауріка,Аурика,,,,1,
Афанасій,Афанасий,,,,1,
Афродіта,Афродита,,,,1,
Афіна,Афина,,,,1,
Ахілл,Ахилл,,,,1,
Аїд,Аид,,,,1,
Баганець,Баганец,,,,1,*
Бар'яхтар,Барьяхтар,,,,1,
Батий,Батый,,,,1,
Бенджамін,Бенджамин,,,,1,
Бенжамін,Бенжамин,,,,1,
Беньямін,Беньямин,,,,1,
Беніта,Бенита,,,,1,
Бетмен,Бэтмен,,,,1,*
Богуміл,Богумил,,,,1,
Боровець,Боровец,,,,1,
Брендон,Брендон,Брэндон,,,1,
Бригинець,Бригинец,,,,1,
Броніслав,Бронислав,,,,1,
Білл,Билл,,,,1,
В'ячеслав,Вячеслав,,,,1,
Вагіт,Вагит,,,,1,
Вайльд,Уайльд,Вайльд,,,1,
Валдіс,Валдис,,,,1,
Валер'ян,Валерьян,,,,1,
Валеріан,Валериан,,,,1,
Валерій,Валерий,,,,1,
Валерія,Валерия,,,,1,
Варфоломій,Варфоломей,,,,1,
Василина,Василина,,,,1,
Василій,Василий,,,,1,
Василіса,Василиса,,,,1,
Вероніка,Вероника,,,,1,
Влодзімеж,Влодзимеж,,,,1,
Волт,Уолт,,,,1,
Воррен,Уоррен,,,,1,
Воїслав,Воислав,,,,1,
Вєрка,Верка,,,,1,
Вєслав,Веслав,,,,1,
Віктор,Виктор,,,,1,
Вілен,Вилен,,,,1,
Вільгельм,Вильгельм,,,,1,
Вінсент,Винсент,,,,1,
Віолетта,Виолетта,,,,1,
Вірляна,Вирляна,,,,1,
Віслава,Вислава,,,,1,
Віта,Вита,,,,1,
Віталик,Виталик,,,,1,
Віталь,Виталь,,,,1,
Вітаутас,Витаутас,,,,1,
Вітовт,Витовт,,,,1,
Вітольд,Витольд,,,,1,
Гавриїл,Гавриил,Гаврил,,,1,
Газі-бей,Гази-бей,,,,1,
Гайнц,Хайнц,,,,1,
Галактіон,Галактион,,,,1,
Гамалія,Гамалия,,,,1,
Гамід,Гамид,,,,1,
Ганнібал,Ганнибал,,,,1,*
Гаррісон,Гаррисон,,,,1,
Гарсія,Гарсия,,,,1,
Гарік,Гарик,,,,1,
Геліос,Гелиос,,,,1,
Геннадій,Геннадий,,,,1,*
Генріх,Генрих,,,,1,
Георгій,Георгий,,,,1,
Георгіос,Георгиос,,,,1,
Геракліт,Гераклит,,,,1,
Герасимець,Герасимец,,,,1,
Герміона,Гермиона,,,,1,
Гліб,Глеб,,,,1,
Гмиря,Гмыря,,,,1,
Горацій,Гораций,,,,1,
Гордій,Гордей,,,,1,
Горовець,Горовец,,,,1,
Горовиця,Горовица,,,,1,
Григорій,Григорий,,,,1,
Григір,Григор,Григорий,,,1,
Грицько,Грицко,,,,1,
Гришковець,Гришковец,,,,1,*
Гідон,Гидон,,,,1,
Гійом,Гийом,,,,1,
Гілберт,Гилберт,,,,1,
Гіппократ,Гиппократ,,,,1,
Гітлер,Гитлер,,,,1,
Дажбог,Даждьбог,,,,1,*
Даліла,Далила,,,,1,
Данелія,Данелия,,,,1,
Даниїл,Даниил,,,,1,
Дар'я,Дарья,,,,1,
Дарій,Дарий,,,,1,
Дарія,Дарья,Дария,,,1,
Дастін,Дастин,,,,1,
Дейв,Дэйв,Дейв,,,1,
Дейвід,Дейвид,Девид,,,1,
Дем'ян,Демьян,,,,1,
Денніс,Деннис,,,,1,
Джаміль,Джамиль,,,,1,
Джанні,Джанни,,,,1,
Джастін,Джастин,,,,1,
Дженні,Дженни,,,,1,
Дженніфер,Дженнифер,,,,1,
Джессіка,Джессика,,,,1,*
Джеф,Джефф,,,,1,
Джорджіна,Джорджина,,,,1,
Джульєтта,Джульетта,,,,1,*
Джуліан,Джулиан,,,,1,
Джулія,Джулия,,,,1,
Димитрій,Димитрий,,,,1,
Доріан,Дориан,,,,1,
Дурдинець,Дурдинец,,,,1,
Діана,Диана,,,,1,
Дідона,Дидона,,,,1,
Діма,Дима,,,,1,
Діна,Дина,,,,1,
Діоген,Диоген,,,,1,
Дітер,Дитер,,,,1,
Дітмар,Дитмар,,,,1,
Еван,Эван,,,,1,
Евклід,Евклид,Эвклид,,,1,
Едвард,Эдвард,,,,1,
Едгар,Эдгар,,,,1,
Едик,Эдик,,,,1,
Едмонд,Эдмонд,,,,1,
Едмунд,Эдмунд,,,,1,
Едуар,Эдуар,,,,1,
Едуард,Эдуард,,,,1,
Ежен,Эжен,,,,1,
Езоп,Эзоп,,,,1,
Ека,Эка,,,,1,
Елеонора,Элеонора,,,,1,
Елла,Элла,,,,1,
Еллочка,Эллочка,,,,1,
Елтон,Элтон,,,,1,
Ельдар,Эльдар,,,,1,
Ельза,Эльза,,,,1,
Ельмар,Эльмар,,,,1,
Ельнара,Эльнара,,,,1,
Емерсон,Эмерсон,,,,1,*
Емма,Эмма,,,,1,
Еней,Эней,,,,1,
Еол,Эол,,,,1,
Еразм,Эразм,,,,1,
Ераст,Эраст,,,,1,
Ердеш,Эрдеш,,,,1,
Ерл,Эрл,,,,1,
Ерленд,Эрленд,,,,1,
Ернест,Эрнест,,,,1,
Ернст,Эрнст,,,,1,
Ерхард,Эрхард,,,,1,
Есмеральда,Эсмеральда,,,,1,
Ехуд,Эхуд,,,,1,
Ештон,Эштон,,,,1,
Жак-Анрі,Жак-Анри,,,,1,
Жан-Жак,Жан-Жак,,,,1,
Жан-Луї,Жан-Луи,,,,1,
Жан-Мішель,Жан-Мишель,,,,1,
Жванія,Жвания,,,,1,*
Жебровський,Жебровский,,,,1,*
Жевуський,Жевуский,,,,1,*
Жозефіна,Жозефина,,,,1,
Жуль,Жюль,,,,1,
Завгородній,Завгородний,,,,1,*
Захарій,Захарий,,,,1,
Земфіра,Земфира,,,,1,
Зеновій,Зеновий,,,,1,
Зиновій,Зиновий,,,,1,
Зіна,Зина,,,,1,
Зіта,Зита,,,,1,
Йоахім,Йоахим,,,,1,
Йоганн,Иоганн,,,,1,
Йоганнес,Йоханнес,,,,1,
Йосафат,Иосафат,,,,1,
Йосиф,Иосиф,,,,1,
Казімеж,Казимеж,,,,1,
Калігула,Калигула,,,,1,*
Каміла,Камила,,,,1,
Камілла,Камилла,,,,1,
Каміль,Камиль,,,,1,
Капітон,Капитон,,,,1,
Капітошка,Капитошка,,,,1,
Карпо,Карп,,,,1,
Кас'ян,Касьян,,,,1,
Кассіопея,Кассиопея,,,,1,*
Катаріна,Катарина,,,,1,
Катря,Катя,,,,1,
Катріна,Катрина,,,,1,
Квентін,Квентин,,,,1,
Кевін,Кевин,,,,1,
Кемерон,Кэмерон,,,,1,
Кирило,Кирилл,,,,1,
Клавдій,Клавдий,,,,1,
Клавдія,Клавдия,,,,1,
Клаудія,Клаудия,,,,1,
Климентій,Климентий,,,,1,
Клінт,Клинт,,,,1,
Ковалець,Ковалец,,,,1,*
Кондоліза,Кондолиза,,,,1,
Коновалець,Коновалец,,,,1,*
Константінос,Константинос,,,,1,
Констанція,Констанция,,,,1,
Конфуцій,Конфуций,,,,1,
Корнелій,Корнелий,,,,1,
Корнеліус,Корнелиус,,,,1,
Корній,Корней,,,,1,
Кристіан,Кристиан,,,,1,
Кріс,Крис,,,,1,
Кріста,Криста,,,,1,
Крістобаль,Кристобаль,,,,1,
Крістоф,Кристоф,,,,1,
Крістофер,Кристофер,,,,1,
Крішна,Кришна,,,,1,*
Ксаверій,Ксаверий,,,,1,
Ксенія,Ксения,,,,1,
Кузьма,Кузьма,Козьма,,,1,
Купріян,Куприян,,,,1,
Кінг-Конг,Кинг-Конг,,,,1,*
Кіндрат,Кондрат,,,,1,
Кіра,Кира,,,,1,
Кірсан,Кирсан,,,,1,
Лаврентій,Лаврентий,,,,1,
Лазар,Лазарь,,,,1,
Ленін,Ленин,,,,1,*
Леонтій,Леонтий,,,,1,
Леонід,Леонид,,,,1,
Лжедмитрій,Лжедмитрий,,,,1,*
Лоліта,Лолита,,,,1,
Лук'ян,Лукьян,,,,1,
Лукрецій,Лукреций,,,,1,
Лусія,Лусия,,,,1,
Луїз,Луиз,,,,1,
Луїза,Луиза,,,,1,
Луїс,Луис,,,,1,
Луїш,Луиш,,,,1,
Льюїс,Льюис,,,,1,
Любов,Любовь,,,,1,
Людвіг,Людвиг,,,,1,
Людвік,Людвик,,,,1,
Людовік,Людовик,,,,1,
Люсінда,Люсинда,,,,1,
Люсія,Люсия,,,,1,
Люція,Люция,,,,1,
Лєшек,Лешек,,,,1,
Ліда,Лида,,,,1,
Ліза,Лиза,,,,1,
Ліля,Лиля,,,,1,
Ліна,Лина,,,,1,
Лінда,Линда,,,,1,
Ліндон,Линдон,,,,1,
Лінус,Линус,,,,1,
Ліонель,Лионель,,,,1,
Магдаліна,Магдалина,,,,1,
Маделіна,Маделина,,,,1,
Макарій,Макарий,,,,1,
Максін,Максин,,,,1,
Мальвіна,Мальвина,,,,1,
Мануел,Мануэл,,,,1,
Мануель,Мануэль,,,,1,
Мар'я,Марья,,,,1,
Мар'ян,Марьян,,,,1,
Мар'яна,Марьяна,,,,1,
Марвін,Марвин,,,,1,
Марися,Марыся,,,,1,
Маркіян,Маркиян,,,,1,
Мартин,Мартын,,,,1,
Мартін,Мартин,,,,1,
Мартіна,Мартина,,,,1,
Марцін,Марцин,,,,1,
Марі-Жан,Мари-Жан,,,,1,
Марі-Жозе,Мари-Жозе,,,,1,
Марі-Франс,Мари-Франс,,,,1,
Маріанна,Марианна,,,,1,
Марійка,Марийка,,,,1,
Маріка,Марика,,,,1,
Маріус,Мариус,,,,1,
Марічка,Маричка,,,,1,
Марія,Мария,,,,1,
Матвій,Матвей,,,,1,
Мелвін,Мелвин,,,,1,
Мелетій,Мелетий,,,,1,
Мелінда,Мелинда,,,,1,
Меркурій,Меркурий,,,,1,
Метт,Мэтт,,,,1,
Мефодій,Мефодий,,,,1,
Микита,Никита,,,,1,
Миколай,Николай,,,,1,
Мойсей,Моисей,,,,1,
Моніка,Моника,,,,1,
Моріс,Морис,,,,1,
Моріц,Мориц,,,,1,
Мохамед,Мохаммед,,,,1,
Мігель,Мигель,,,,1,
Міка,Мика,,,,1,
Мікель,Микель,,,,1,
Міклош,Миклош,,,,1,
Мікулаш,Микулаш,,,,1,
Міла,Мила,,,,1,
Мілена,Милена,,,,1,
Мілован,Милован,,,,1,
Мілорад,Милорад,,,,1,
Мілош,Милош,,,,1,
Мілтон,Милтон,,,,1,
Міранда,Миранда,,,,1,
Міт,Мит,,,,1,
Мітт,Митт,,,,1,
Мітчел,Митчел,,,,1,
Мітчелл,Митчелл,,,,1,
Міхель,Михель,,,,1,
Мішель,Мишель,,,,1,
Наріман,Нариман,,,,1,
Настася,Настасья,,,,1,
Наталя,Наталья,,,,1,
Наїна,Наина,,,,1,
Немиря,Немыря,,,,1,
Неоніла,Неонила,,,,1,
Ноель,Ноэль,,,,1,
Ніка,Ника,,,,1,
Ніклас,Никлас,,,,1,
Нікола,Никола,,,,1,
Ніколай,Николай,,,,1,
Ніколас,Николас,,,,1,
Ніколаус,Николаус,,,,1,
Нікос,Никос,,,,1,
Нільс,Нильс,,,,1,
Ніна,Нина,,,,1,
Октавіан,Октавиан,,,,1,
Октавія,Октавия,,,,1,
Олександер,Александер,,,,1,
Олександр,Александр,,,,1,
Олександра,Александра,,,,1,
Олена,Елена,,,,1,
Оленка,Аленка,,,,1,
Ольвія,Ольвия,,,,1,
Олівер,Оливер,,,,1,
Оробець,Оробец,,,,1,
Оріана,Ориана,,,,1,
Осмомисл,Осмомысл,,,,1,
Охрім,Охрим,,,,1,
Патрік,Патрик,,,,1,
Патріс,Патрис,,,,1,
Паша,Паш,,,,1,
Перегрін,Перегрин,,,,1,
Петро,Петр,,,,1,
Пимін,Пимен,,,,1,
Полонія,Полония,,,,1,
Полікарп,Поликарп,,,,1,
Поліна,Полина,,,,1,
Понтій,Понтий,,,,1,
Порфирій,Порфирий,,,,1,
Прохір,Прохор,,,,1,
Пшемислав,Пшемыслав,,,,1,
Пілат,Пилат,,,,1,
Піт,Пит,,,,1,
Пітер,Питер,,,,1,
Пітт,Питт,,,,1,
Піфагор,Пифагор,,,,1,
Рабіндранат,Рабиндранат,,,,1,
Радомисл,Радомысл,,,,1,
Раміль,Рамиль,,,,1,
Рамірес,Рамирес,,,,1,
Рафаель,Рафаэль,,,,1,
Рафаїл,Рафаил,,,,1,
Раффін,Раффин,,,,1,
Рафік,Рафик,,,,1,
Рахім,Рахим,,,,1,
Раїса,Раиса,,,,1,
Регіна,Регина,,,,1,
Рей,Рэй,,,,1,
Реймонд,Рэймонд,,,,1,
Робін,Робин,,,,1,
Родрік,Родрик,,,,1,
Родіон,Родион,,,,1,
Розаліна,Розалина,,,,1,
Розалінда,Розалинда,,,,1,
Розалія,Розалия,,,,1,
Романна,Романная,,,,1,
Ромко,Ромка,,,,1,
Руїз,Руиз,,,,1,
Руїс,Руис,,,,1,
Рінат,Ринат,,,,1,
Ріхард,Рихард,,,,1,
Річард,Ричард,,,,1,
Рішар,Ришар,,,,1,
Сабріна,Сабрина,,,,1,
Сабіна,Сабина,,,,1,
Сава,Савва,,,,1,
Савелій,Савелий,,,,1,
Савік,Савик,,,,1,
Самуель,Самуэль,,,,1,
Самуїл,Самуил,,,,1,
Самюель,Самюэль,,,,1,
Самійло,Самойло,,,,1,
Сан-Мартін,Сан-Мартин,,,,1,
Саїд,Саид,,,,1,
Світлана,Светлана,,,,1,
Сезарія,Сезария,,,,1,
Селін,Селин,,,,1,
Селіна,Селина,,,,1,
Сем,Сэм,,,,1,
Сергій,Сергей,,,,1,
Сигізмунд,Сигизмунд,,,,1,
Сидір,Сидор,,,,1,
Силантій,Силантий,,,,1,
Сильвія,Сильвия,,,,1,
Синтія,Синтия,,,,1,
Сміт,Смит,,,,1,
Соломійка,Соломийка,,,,1,
Софійка,Софийка,,,,1,
Софія,София,,,,1,
Сталін,Сталин,,,,1,
Станіслав,Станислав,,,,1,
Стефанія,Стефания,,,,1,
Стругацький,Стругацкий,,,,1,
Стів,Стив,,,,1,
Стівен,Стивен,,,,1,
Сімон,Симон,,,,1,
Таїса,Таиса,,,,1,
Тенгіз,Тенгиз,,,,1,
Теофіл,Теофил,,,,1,
Терезія,Терезия,,,,1,
Терентій,Терентий,,,,1,
Тиберій,Тиберий,,,,1,
Тимофій,Тимофей,,,,1,
Тихін,Тихон,,,,1,
Тиціан,Тициан,,,,1,
Тобіас,Тобиас,,,,1,
Томіслав,Томислав,,,,1,
Трохим,Трофим,,,,1,
Трістан,Тристан,,,,1,
Тібор,Тибор,,,,1,
Тіна,Тина,,,,1,
Тітмар,Титмар,,,,1,
Уленшпігель,Уленшпигель,,,,1,
Ульріх,Ульрих,,,,1,
Уляна,Ульяна,,,,1,
Улісс,Улисс,,,,1,
Фабіан,Фабиан,,,,1,
Фадей,Фаддей,,,,1,
Фатіма,Фатима,,,,1,
Фатіх,Фатих,,,,1,
Фаїна,Фаина,,,,1,
Февронія,Феврония,,,,1,
Федір,Федор,,,,1,
Фелікс,Феликс,,,,1,
Феміда,Фемида,,,,1,
Фенімор,Фенимор,,,,1,
Феодосій,Феодосий,,,,1,
Феофіл,Феофил,,,,1,
Фессалоніка,Фессалоника,,,,1,
Флоріан,Флориан,,,,1,
Фредерік,Фредерик,,,,1,
Френк,Фрэнк,,,,1,
Фріда,Фрида,,,,1,
Фріц,Фриц,,,,1,
Фідель,Фидель,,,,1,
Філ,Фил,,,,1,
Філарет,Филарет,,,,1,
Фіона,Фиона,,,,1,
Халід,Халид,,,,1,
Хамід,Хамид,,,,1,
Хаїм,Хаим,,,,1,
Хенк,Хэнк,,,,1,
Хоакін,Хоакин,,,,1,
Ходжа,Ходж,,,,1,
Хома,Фома,,,,1,
Христина,Кристина,,,,1,
Христинка,Кристинка,,,,1,
Хівря,Хивря,,,,1,
Цезарій,Цезарий,,,,1,
Цецилія,Цецилия,,,,1,
Чантурія,Чантурия,,,,1,
Чингіз,Чингиз,,,,1,
Чингісхан,Чингисхан,,,,1,
Шакіра,Шакира,,,,1,
Шаміль,Шамиль,,,,1,
Юліан,Юлиан,,,,1,
Юлій,Юлий,,,,1,
Юліус,Юлиус,,,,1,
Юліуш,Юлиуш,,,,1,
Юлія,Юлия,,,,1,
Юпітер,Юпитер,,,,1,
Юрій,Юрий,,,,1,
Яків,Яков,,,,1,
Януарій,Януарий,,,,1,
Яніс,Янис,,,,1,
Ярина,Ирина,,,,1,
Ясір,Ясир,,,,1,
Аарон,Аарон,,,,0,
Аббас,Аббас,,,,0,
Абдалла,Абдалла,,,,0,
Абдула,Абдула,,,,0,
Абдулла,Абдулла,,,,0,
Абдурахман,Абдурахман,,,,0,
Абрам,Абрам,,,,0,
Абрахам,Абрахам,,,,0,
Август,Август,,,,0,
Августин,Августин,,,,0,
Августо,Августо,,,,0,
Авель,Авель,,,,0,
Авило,Авило,,,,0,
Авраам,Авраам,,,,0,
Агамемнон,Агамемнон,,,,0,
Агатангел,Агатангел,,,,0,
Агафон,Агафон,,,,0,
Агнес,Агнес,,,,0,
Ада,Ада,,,,0,
Адальберт,Адальберт,,,,0,
Адам,Адам,,,,0,
Адамкус,Адамкус,,,,0,
Адольф,Адольф,,,,0,
Азазель,Азазель,,,,0,
Азем,Азем,,,,0,
Азем-ага,Азем-ага,,,,0,
Айварас,Айварас,,,,0,
Айдер,Айдер,,,,0,
Айзек,Айзек,,,,0,
Айман,Айман,,,,0,
Айна,Айна,,,,0,
Айседора,Айседора,,,,0,
Аксель,Аксель,,,,0,
Алан,Алан,,,,0,
Алек,Алек,,,,0,
Алекс,Алекс,,,,0,
Александер,Александер,,,,0,
Ален,Ален,,,,0,
Алла,Алла,,,,0,
Альбер,Альбер,,,,0,
Альберт,Альберт,,,,0,
Альбрехт,Альбрехт,,,,0,
Альфред,Альфред,,,,0,
Амадей,Амадей,,,,0,
Амадеус,Амадеус,,,,0,
Аманда,Аманда,,,,0,
Амос,Амос,,,,0,
Ананд,Ананд,,,,0,
Анастас,Анастас,,,,0,
Анатоль,Анатоль,,,,0,
Анджей,Анджей,,,,0,
Андреас,Андреас,,,,0,
Андрес,Андрес,,,,0,
Андромаха,Андромаха,,,,0,
Андромеда,Андромеда,,,,0,
Андрон,Андрон,,,,0,
Андрюс,Андрюс,,,,0,
Анетта,Анетта,,,,0,
Анжела,Анжела,,,,0,
Анна,Анна,,,,0,
Аннан,Аннан,,,,0,
Анничка,Анничка,,,,0,
Ансельм,Ансельм,,,,0,
Антей,Антей,,,,0,
Антип,Антип,,,,0,
Антон,Антон,,,,0,
Антося,Антося,,,,0,
Антуан,Антуан,,,,0,
Аня,Аня,,,,0,
Аполлон,Аполлон,,,,0,
Аристарх,Аристарх,,,,0,
Аристотель,Аристотель,,,,0,
Арман,Арман,,,,0,
Армен,Армен,,,,0,
Арнольд,Арнольд,,,,0,
Арсен,Арсен,,,,0,
Артем,Артем,,,,0,
Артур,Артур,,,,0,
Архип,Архип,,,,0,
Асан,Асан,,,,0,
Аскольд,Аскольд,,,,0,
Аслан,Аслан,,,,0,
Асман,Асман,,,,0,
Астон,Астон,,,,0,
Аталанта,Аталанта,,,,0,
Атаян,Атаян,,,,0,
Атена,Атена,,,,0,
Атон,Атон,,,,0,
Атос,Атос,,,,0,
Аттила,Аттила,,,,0,
Аудронюс,Аудронюс,,,,0,
Афоня,Афоня,,,,0,
Афродита,Афродита,,,,0,
Ахмад,Ахмад,,,,0,
Ахмед,Ахмед,,,,0,
Ахмет,Ахмет,,,,0,
Ашот,Ашот,,,,0,
Аяс-паша,Аяс-паша,,,,0,
Баал,Баал,,,,0,
Бабай,Бабай,,,,0,
Бадр,Бадр,,,,0,
Бангура,Бангура,,,,0,
Бандера,Бандера,,,,0,
Барбара,Барбара,,,,0,
Барт,Барт,,,,0,
Бахус,Бахус,,,,0,
Башар,Башар,,,,0,
Беженар,Беженар,,,,0,
Белла,Белла,,,,0,
Беллона,Беллона,,,,0,
Бен,Бен,,,,0,
Бенедикт,Бенедикт,,,,0,
Беня,Беня,,,,0,
Бернар,Бернар,,,,0,
Бернард,Бернард,,,,0,
Берт,Берт,,,,0,
Берта,Берта,,,,0,
Бертон,Бертон,,,,0,
Бертран,Бертран,,,,0,
Боб,Боб,,,,0,
Богдан,Богдан,,,,0,
Богодар,Богодар,,,,0,
Богуслав,Богуслав,,,,0,
Божена,Божена,,,,0,
Болеслав,Болеслав,,,,0,
Борис,Борис,,,,0,
Борислав,Борислав,,,,0,
Брахма,Брахма,,,,0,
Брендан,Брендан,,,,0,
Брюс,Брюс,,,,0,
Будда,Будда,,,,0,
Буцефал,Буцефал,,,,0,
Ваал,Ваал,,,,0,
Вадим,Вадим,,,,0,
Валдас,Валдас,,,,0,
Валентин,Валентин,,,,0,
Валентина,Валентина,,,,0,
Валера,Валера,,,,0,
Вальдемар,Вальдемар,,,,0,
Вальтер,Вальтер,,,,0,
Валя,Валя,,,,0,
Ванга,Ванга,,,,0,
Ванда,Ванда,,,,0,
Ванесса,Ванесса,,,,0,
Ваня,Ваня,,,,0,
Варвара,Варвара,,,,0,
Варлаам,Варлаам,,,,0,
Варлам,Варлам,,,,0,
Варя,Варя,,,,0,
Вася,Вася,,,,0,
Вахтанг,Вахтанг,,,,0,
Вацлав,Вацлав,,,,0,
Велес,Велес,,,,0,
Венедикт,Венедикт,,,,0,
Венера,Венера,,,,0,
Веслав,Веслав,,,,0,
Веста,Веста,,,,0,
Владислав,Владислав,,,,0,
Владлен,Владлен,,,,0,
Власта,Власта,,,,0,
Войцек,Войцек,,,,0,
Войцех,Войцех,,,,0,
Володя,Володя,,,,0,
Вольдемар,Вольдемар,,,,0,
Вольф,Вольф,,,,0,
Вольфганг,Вольфганг,,,,0,
Вонг,Вонг,,,,0,
Всеволод,Всеволод,,,,0,
Габор,Габор,,,,0,
Гайдар,Гайдар,,,,0,
Галатея,Галатея,,,,0,
Галина,Галина,,,,0,
Галя,Галя,,,,0,
Ганжа,Ганжа,,,,0,
Ганс,Ганс,,,,0,
Ганс-Юрген,Ганс-Юрген,,,,0,
Гапон,Гапон,,,,0,
Гаральд,Гаральд,,,,0,
Гарольд,Гарольд,,,,0,
Гасан,Гасан,,,,0,
Гасан-ага,Гасан-ага,,,,0,
Геба,Геба,,,,0,
Гедеон,Гедеон,,,,0,
Гейдар,Гейдар,,,,0,
Гектор,Гектор,,,,0,
Гельмут,Гельмут,,,,0,
Генрик,Генрик,,,,0,
Георг,Георг,,,,0,
Геракл,Геракл,,,,0,
Герасим,Герасим,,,,0,
Герберт,Герберт,,,,0,
Герман,Герман,,,,0,
Гермес,Гермес,,,,0,
Геродот,Геродот,,,,0,
Герта,Герта,,,,0,
Гертруда,Гертруда,,,,0,
Гжегож,Гжегож,,,,0,
Гленн,Гленн,,,,0,
Говард,Говард,,,,0,
Гомер,Гомер,,,,0,
Горан,Горан,,,,0,
Гордон,Гордон,,,,0,
Грег,Грег,,,,0,
Грета,Грета,,,,0,
Гризельда,Гризельда,,,,0,
Гумберт,Гумберт,,,,0,
Густав,Густав,,,,0,
Гюстав,Гюстав,,,,0,
Давид,Давид,,,,0,
Данко,Данко,,,,0,
Даруня,Даруня,,,,0,
Даруся,Даруся,,,,0,
Дарця,Дарця,,,,0,
Дафна,Дафна,,,,0,
Даша,Даша,,,,0,
Даяна,Даяна,,,,0,
Дездемона,Дездемона,,,,0,
Дейл,Дейл,,,,0,
Деметра,Деметра,,,,0,
Денис,Денис,,,,0,
Дерек,Дерек,,,,0,
Десмонд,Десмонд,,,,0,
Джаббар-ага,Джаббар-ага,,,,0,
Джавахарлал,Джавахарлал,,,,0,
Джанет,Джанет,,,,0,
Джаспер,Джаспер,,,,0,
Джафар,Джафар,,,,0,
Джейк,Джейк,,,,0,
Джеймз,Джеймз,,,,0,
Джеймс,Джеймс,,,,0,
Джейсон,Джейсон,,,,0,
Джек,Джек,,,,0,
Джекоб,Джекоб,,,,0,
Джен,Джен,,,,0,
Джералд,Джералд,,,,0,
Джеральд,Джеральд,,,,0,
Джерард,Джерард,,,,0,
Джером,Джером,,,,0,
Джим,Джим,,,,0,
Джоанна,Джоанна,,,,0,
Джозеф,Джозеф,,,,0,
Джойс,Джойс,,,,0,
Джоконда,Джоконда,,,,0,
Джон,Джон,,,,0,
Джордан,Джордан,,,,0,
Джордж,Джордж,,,,0,
Джорж,Джорж,,,,0,
Джош,Джош,,,,0,
Джуд,Джуд,,,,0,
Дональд,Дональд,,,,0,
Дора,Дора,,,,0,
Дорота,Дорота,,,,0,
Доротея,Доротея,,,,0,
Дуглас,Дуглас,,,,0,
Дуня,Дуня,,,,0,
Душан,Душан,,,,0,
Ергард,Ергард,,,,0,
Жакоб,Жакоб,,,,0,
Жан,Жан,,,,0,
Жан-Клод,Жан-Клод,,,,0,
Жанна,Жанна,,,,0,
Женя,Женя,,,,0,
Жерар,Жерар,,,,0,
Жером,Жером,,,,0,
Жижек,Жижек,,,,0,
Жозеф,Жозеф,,,,0,
Жора,Жора,,,,0,
Жорес,Жорес,,,,0,
Жорж,Жорж,,,,0,
Жуан,Жуан,,,,0,
Заратустра,Заратустра,,,,0,
Зевс,Зевс,,,,0,
Зенон,Зенон,,,,0,
Златка,Златка,,,,0,
Золтан,Золтан,,,,0,
Зоран,Зоран,,,,0,
Зореслав,Зореслав,,,,0,
Зорянка,Зорянка,,,,0,
Зоська,Зоська,,,,0,
Зося,Зося,,,,0,
Зоя,Зоя,,,,0,
Зураб,Зураб,,,,0,
Йенс,Йенс,,,,0,
Йожеф,Йожеф,,,,0,
Йозеф,Йозеф,,,,0,
Йонас,Йонас,,,,0,
Йонсен,Йонсен,,,,0,
Йорг,Йорг,,,,0,
Йосеф,Йосеф,,,,0,
Йохан,Йохан,,,,0,
Йошка,Йошка,,,,0,
Кавабата,Кавабата,,,,0,
Казимир,Казимир,,,,0,
Кайдашиха,Кайдашиха,,,,0,*
Камерон,Камерон,,,,0,
Карабас,Карабас,,,,0,
Карен,Карен,,,,0,
Карл,Карл,,,,0,
Карлос,Карлос,,,,0,
Карлсон,Карлсон,,,,0,
Касим,Касим,,,,0,
Каспер,Каспер,,,,0,
Кассандра,Кассандра,,,,0,
Катажина,Катажина,,,,0,
Катарина,Катарина,,,,0,
Катя,Катя,,,,0,
Каха,Каха,,,,0,
Кеннет,Кеннет,,,,0,
Клара,Клара,,,,0,
Кларенс,Кларенс,,,,0,
Клаус,Клаус,,,,0,
Клеопатра,Клеопатра,,,,0,
Клим,Клим,,,,0,
Климент,Климент,,,,0,
Клод,Клод,,,,0,
Коля,Коля,,,,0,
Конрад,Конрад,,,,0,
Костас,Костас,,,,0,
Костя,Костя,,,,0,
Котигорошко,Котигорошко,,,,0,
Кристоф,Кристоф,,,,0,
Кристофер,Кристофер,,,,0,
Криштоф,Криштоф,,,,0,
Ксавер,Ксавер,,,,0,
Ксенофонт,Ксенофонт,,,,0,
Курманбек,Курманбек,,,,0,
Курт,Курт,,,,0,
Кшиштоф,Кшиштоф,,,,0,
Лада,Лада,,,,0,
Ладимир,Ладимир,,,,0,
Лайза,Лайза,,,,0,
Лаймон,Лаймон,,,,0,
Лана,Лана,,,,0,
Ланселот,Ланселот,,,,0,
Лариса,Лариса,,,,0,
Ларс,Ларс,,,,0,
Лаура,Лаура,,,,0,
Лев,Лев,,,,0,
Леван,Леван,,,,0,
Левон,Левон,,,,0,
Лейла,Лейла,,,,0,
Леля,Леля,,,,0,
Ленард,Ленард,,,,0,
Леннарт,Леннарт,,,,0,
Леннокс,Леннокс,,,,0,
Леон,Леон,,,,0,
Леонард,Леонард,,,,0,
Леопольд,Леопольд,,,,0,
Лесь,Лесь,,,,0,
Леся,Леся,,,,0,
Лех,Лех,,,,0,
Лешек,Лешек,,,,0,
Ллойд,Ллойд,,,,0,
Лола,Лола,,,,0,
Лорен,Лорен,,,,0,
Лоренс,Лоренс,,,,0,
Лоренц,Лоренц,,,,0,
Лоренцо,Лоренцо,,,,0,
Лука,Лука,,,,0,
Лукас,Лукас,,,,0,
Лукаш,Лукаш,,,,0,
Лула,Лула,,,,0,
Львович,Львович,,,,0,
Люба,Люба,,,,0,
Любава,Любава,,,,0,
Любаня,Любаня,,,,0,
Любарт,Любарт,,,,0,
Любислава,Любислава,,,,0,
Любко,Любко,,,,0,
Любляна,Любляна,,,,0,
Любомир,Любомир,,,,0,
Любош,Любош,,,,0,
Людмила,Людмила,,,,0,
Людовик,Людовик,,,,0,
Лютер,Лютер,,,,0,
Магдалина,Магдалина,,,,0,
Магнус,Магнус,,,,0,
Магомед,Магомед,,,,0,
Магомет,Магомет,,,,0,
Мазепа,Мазепа,,,,0,
Майк,Майк,,,,0,
Майкл,Майкл,,,,0,
Майлз,Майлз,,,,0,
Майлс,Майлс,,,,0,
Макар,Макар,,,,0,
Макс,Макс,,,,0,
Максим,Максим,,,,0,
Малкольм,Малкольм,,,,0,
Малуша,Малуша,,,,0,
Мамука,Мамука,,,,0,
Манфред,Манфред,,,,0,
Манька,Манька,,,,0,
Маня,Маня,,,,0,
Марат,Марат,,,,0,
Маргарета,Маргарета,,,,0,
Маргарита,Маргарита,,,,0,
Марек,Марек,,,,0,
Марина,Марина,,,,0,
Марк,Марк,,,,0,
Марко,Марко,,,,0,
Маркос,Маркос,,,,0,
Маркс,Маркс,,,,0,
Маркус,Маркус,,,,0,
Маркуш,Маркуш,,,,0,
Марлон,Марлон,,,,0,
Марс,Марс,,,,0,
Марта,Марта,,,,0,
Маруся,Маруся,,,,0,
Марфа,Марфа,,,,0,
Махатма,Махатма,,,,0,
Махмуд,Махмуд,,,,0,
Мацей,Мацей,,,,0,
Маша,Маша,,,,0,
Мая,Мая,,,,0,
Медея,Медея,,,,0,
Мелашка,Мелашка,,,,0,
Мельпомена,Мельпомена,,,,0,
Мераб,Мераб,,,,0,
Мехмед,Мехмед,,,,0,
Мехмет,Мехмет,,,,0,
Мечислав,Мечислав,,,,0,
Милорад,Милорад,,,,0,
Милослав,Милослав,,,,0,
Милослава,Милослава,,,,0,
Мирон,Мирон,,,,0,
Мирослав,Мирослав,,,,0,
Мирослава,Мирослава,,,,0,
Митрофан,Митрофан,,,,0,
Михайлина,Михайлина,,,,0,
Михась,Михась,,,,0,
Млада,Млада,,,,0,
Младена,Младена,,,,0,
Модест,Модест,,,,0,
Мона,Мона,,,,0,
Морган,Морган,,,,0,
Москалиця,Москалиця,,,,0,
Мотря,Мотря,,,,0,
Мохамад,Мохамад,,,,0,
Мохаммад,Мохаммад,,,,0,
Мохаммед,Мохаммед,,,,0,
Мстислав,Мстислав,,,,0,
Муаммар,Муаммар,,,,0,
Мурад,Мурад,,,,0,
Мурат,Мурат,,,,0,
Мустафа,Мустафа,,,,0,
Мухтар,Мухтар,,,,0,
Наваз,Наваз,,,,0,
Надя,Надя,,,,0,
Назар,Назар,,,,0,
Найджел,Найджел,,,,0,
Наполеон,Наполеон,,,,0,
Настя,Настя,,,,0,
Наталка-Полтавка,Наталка-Полтавка,,,,0,
Наталочка,Наталочка,,,,0,
Натан,Натан,,,,0,
Наташа,Наташа,,,,0,
Наум,Наум,,,,0,
Нахман,Нахман,,,,0,
Нейл,Нейл,,,,0,
Нейтан,Нейтан,,,,0,
Нельсон,Нельсон,,,,0,
Неля,Неля,,,,0,
Нептун,Нептун,,,,0,
Нерон,Нерон,,,,0,
Нестор,Нестор,,,,0,
Никанор,Никанор,,,,0,
Никифор,Никифор,,,,0,
Никодим,Никодим,,,,0,
Нонна,Нонна,,,,0,
Норберт,Норберт,,,,0,
Нострадамус,Нострадамус,,,,0,
Нугзар,Нугзар,,,,0,
Нурсултан,Нурсултан,,,,0,
Огюст,Огюст,,,,0,
Одаронька,Одаронька,,,,0,
Одарочка,Одарочка,,,,0,
Оксана,Оксана,,,,0,
Оксанка,Оксанка,,,,0,
Олаф,Олаф,,,,0,
Олег,Олег,,,,0,
Олекса,Олекса,,,,0,
Олесь,Олесь,,,,0,
Олеся,Олеся,,,,0,
Ольга,Ольга,,,,0,
Оля,Оля,,,,0,
Онисим,Онисим,,,,0,
Опра,Опра,,,,0,
Оранта,Оранта,,,,0,
Орест,Орест,,,,0,
Оринка,Оринка,,,,0,
Оринька,Оринька,,,,0,
Ориська,Ориська,,,,0,
Оришка,Оришка,,,,0,
Орфей,Орфей,,,,0,
Орхан,Орхан,,,,0,
Осама,Осама,,,,0,
Освальд,Освальд,,,,0,
Осип,Осип,,,,0,
Оскар,Оскар,,,,0,
Остап,Остап,,,,0,
Палмер,Палмер,,,,0,
Памела,Памела,,,,0,
Панас,Панас,,,,0,
Панкрат,Панкрат,,,,0,
Пантелеймон,Пантелеймон,,,,0,
Парамон,Парамон,,,,0,
Параскева,Параскева,,,,0,
Паскуаль,Паскуаль,,,,0,
Паула,Паула,,,,0,
Пауль,Пауль,,,,0,
Пегас,Пегас,,,,0,
Пелагея,Пелагея,,,,0,
Пенелопа,Пенелопа,,,,0,
Первез,Первез,,,,0,
Перемисл,Перемисл,,,,0,
Персей,Персей,,,,0,
Перун,Перун,,,,0,
Петер,Петер,,,,0,
Петрик,Петрик,,,,0,
Пинтя,Пинтя,,,,0,
Платон,Платон,,,,0,
Плутарх,Плутарх,,,,0,
Пол,Пол,,,,0,
Поль,Поль,,,,0,
Помпея,Помпея,,,,0,
Портос,Портос,,,,0,
Потап,Потап,,,,0,
Прометей,Прометей,,,,0,
Проня,Проня,,,,0,
Просперо,Просперо,,,,0,
Птолемей,Птолемей,,,,0,
Равшан,Равшан,,,,0,
Радек,Радек,,,,0,
Радимира,Радимира,,,,0,
Радислав,Радислав,,,,0,
Радован,Радован,,,,0,
Радомир,Радомир,,,,0,
Радослав,Радослав,,,,0,
Радослава,Радослава,,,,0,
Раймонд,Раймонд,,,,0,
Ральф,Ральф,,,,0,
Рамзан,Рамзан,,,,0,
Рамзес,Рамзес,,,,0,
Рамон,Рамон,,,,0,
Расул,Расул,,,,0,
Ратибор,Ратибор,,,,0,
Ратимир,Ратимир,,,,0,
Ратислав,Ратислав,,,,0,
Рауль,Рауль,,,,0,
Рафал,Рафал,,,,0,
Рахмон,Рахмон,,,,0,
Рашид,Рашид,,,,0,
Ребекка,Ребекка,,,,0,
Реджеп,Реджеп,,,,0,
Реджина,Реджина,,,,0,
Редьярд,Редьярд,,,,0,
Ренат,Ренат,,,,0,
Рената,Рената,,,,0,
Рефат,Рефат,,,,0,
Римма,Римма,,,,0,
Ринат,Ринат,,,,0,
Роалд,Роалд,,,,0,
Роальд,Роальд,,,,0,
Роберт,Роберт,,,,0,
Роджер,Роджер,,,,0,
Родик,Родик,,,,0,
Родослав,Родослав,,,,0,
Родослава,Родослава,,,,0,
Роза,Роза,,,,0,
Рой,Рой,,,,0,
Роксана,Роксана,,,,0,
Роксолана,Роксолана,,,,0,
Роксоляна,Роксоляна,,,,0,
Ролан,Ролан,,,,0,
Роланд,Роланд,,,,0,
Роллан,Роллан,,,,0,
Рольф,Рольф,,,,0,
Роман,Роман,,,,0,
Ромер,Ромер,,,,0,
Ромчик,Ромчик,,,,0,
Роналд,Роналд,,,,0,
Рональд,Рональд,,,,0,
Ростислав,Ростислав,,,,0,
Рубан,Рубан,,,,0,
Рубен,Рубен,,,,0,
Рудольф,Рудольф,,,,0,
Рузанна,Рузанна,,,,0,
Руперт,Руперт,,,,0,
Рупрехт,Рупрехт,,,,0,
Руслан,Руслан,,,,0,
Руслана,Руслана,,,,0,
Рустам,Рустам,,,,0,
Рута,Рута,,,,0,
Саад,Саад,,,,0,
Сабодан,Сабодан,,,,0,
Саваоф,Саваоф,,,,0,
Савва,Савва,,,,0,
Савка,Савка,,,,0,
Саддам,Саддам,,,,0,
Саймон,Саймон,,,,0,
Салман,Салман,,,,0,
Саломея,Саломея,,,,0,
Сальма,Сальма,,,,0,
Саманта,Саманта,,,,0,
Самсон,Самсон,,,,0,
Сандра,Сандра,,,,0,
Санта,Санта,,,,0,
Санта-Клаус,Санта-Клаус,,,,0,
Сапармурат,Сапармурат,,,,0,
Сара,Сара,,,,0,
Сатурн,Сатурн,,,,0,
Сафар,Сафар,,,,0,
Сафар-бей,Сафар-бей,,,,0,
Саша,Саша,,,,0,
Сварог,Сварог,,,,0,
Свен,Свен,,,,0,
Свирид,Свирид,,,,0,
Святогор,Святогор,,,,0,
Святолюб,Святолюб,,,,0,
Святолюба,Святолюба,,,,0,
Святополк,Святополк,,,,0,
Святослав,Святослав,,,,0,
Себастьян,Себастьян,,,,0,
Сезар,Сезар,,,,0,
Селеста,Селеста,,,,0,
Селестина,Селестина,,,,0,
Сельма,Сельма,,,,0,
Семен,Семен,,,,0,
Сенека,Сенека,,,,0,
Серафима,Серафима,,,,0,
Сердючка,Сердючка,,,,0,
Серена,Серена,,,,0,
Сильвестр,Сильвестр,,,,0,
Симеон,Симеон,,,,0,
Симон,Симон,,,,0,
Скотт,Скотт,,,,0,
Скрудж,Скрудж,,,,0,
Славек,Славек,,,,0,
Славко,Славко,,,,0,
Славомир,Славомир,,,,0,
Слободан,Слободан,,,,0,
Сократ,Сократ,,,,0,
Соломон,Соломон,,,,0,
Солоха,Солоха,,,,0,
Сомерсет,Сомерсет,,,,0,
Софокл,Софокл,,,,0,
Спартак,Спартак,,,,0,
Спиридон,Спиридон,,,,0,
Степан,Степан,,,,0,
Стефан,Стефан,,,,0,
Стюарт,Стюарт,,,,0,
Сузанна,Сузанна,,,,0,
Сулейман,Сулейман,,,,0,
Сусанна,Сусанна,,,,0,
Сюзанна,Сюзанна,,,,0,
Тадей,Тадей,,,,0,
Тадеуш,Тадеуш,,,,0,
Тамара,Тамара,,,,0,
Тамерлан,Тамерлан,,,,0,
Таня,Таня,,,,0,
Тарапунька,Тарапунька,,,,0,
Тарас,Тарас,,,,0,
Тарасик,Тарасик,,,,0,
Тарзан,Тарзан,,,,0,
Тася,Тася,,,,0,
Тая,Тая,,,,0,
Твердислав,Твердислав,,,,0,
Твердислава,Твердислава,,,,0,
Тед,Тед,,,,0,
Теймур,Теймур,,,,0,
Теймураз,Теймураз,,,,0,
Телесик,Телесик,,,,0,
Тельма,Тельма,,,,0,
Теодор,Теодор,,,,0,
Теофан,Теофан,,,,0,
Тереза,Тереза,,,,0,
Тереля,Тереля,,,,0,
Тимур,Тимур,,,,0,
Тихон,Тихон,,,,0,
Тодор,Тодор,,,,0,
Томас,Томас,,,,0,
Томаш,Томаш,,,,0,
Трент,Трент,,,,0,
Трифон,Трифон,,,,0,
Тутанхамон,Тутанхамон,,,,0,
Улас,Улас,,,,0,
Урсула,Урсула,,,,0,
Усама,Усама,,,,0,
Устим,Устим,,,,0,
Устин,Устин,,,,0,
Устиян,Устиян,,,,0,
Фауст,Фауст,,,,0,
Федот,Федот,,,,0,
Федра,Федра,,,,0,
Феодор,Феодор,,,,0,
Феодора,Феодора,,,,0,
Феофан,Феофан,,,,0,
Ферапонт,Ферапонт,,,,0,
Фердинанд,Фердинанд,,,,0,
Ференц,Ференц,Ференс,,,0,
Фернандо,Фернандо,,,,0,
Ферхад,Ферхад,,,,0,
Ферхад-паша,Ферхад-паша,,,,0,
Филимон,Филимон,,,,0,
Флойд,Флойд,,,,0,
Фома,Фома,,,,0,
Форест,Форест,,,,0,
Франко,Франко,,,,0,!
Франс,Франс,,,,0,
Франсуаза,Франсуаза,,,,0,
Франц,Франц,,,,0,
Франциск,Франциск,,,,0,
Франческа,Франческа,,,,0,
Фред,Фред,,,,0,
Фридерик,Фридерик,Фредерик,,,0,
Халед,Халед,,,,0,
Харитон,Харитон,,,,0,
Хасан,Хасан,Гасан,,,0,
Хафез,Хафез,,,,0,
Хеопс,Хеопс,,,,0,
Хорив,Хорив,,,,0,
Христос,Христос,,,,0,
Христофор,Христофор,,,,0,
Христя,Христя,,,,0,
Хуан,Хуан,,,,0,
Чандра,Чандра,,,,0,
Чарлз,Чарлз,,,,0,
Чарльз,Чарльз,,,,0,
Чебурашка,Чебурашка,,,,0,!
Чеслав,Чеслав,,,,0,
Шарлотта,Шарлотта,,,,0,
Шарль,Шарль,,,,0,
Шарон,Шарон,,,,0,
Шахерезада,Шахерезада,,,,0,
Шелдон,Шелдон,,,,0,
Шеннон,Шеннон,,,,0,
Шерлок,Шерлок,,,,0,
Шимон,Шимон,Симон,,,0,
Шон,Шон,,,,0,
Шрек,Шрек,,,,0,
Штефан,Штефан,,,,0,
Щек,Щек,,,,0,
Юзеф,Юзеф,,,,0,
Юля,Юля,,,,0,
Юнона,Юнона,,,,0,
Юра,Юра,,,,0,
Юрасик,Юрасик,,,,0,
Юрась,Юрась,,,,0,
Юрген,Юрген,,,,0,
Юрек,Юрек,,,,0,
Юрко,Юрко,,,,0,
Юсеф,Юсеф,Иосиф,,,0,
Юссеф,Юссеф,Иосиф,,,0,
Юстас,Юстас,,,,0,
Юстина,Юстина,,,,0,
Ягайло,Ягайло,,,,0,
Якуб-ага,Якуб-ага,,,,0,
Ян,Ян,,,,0,
Яна,Яна,,,,0,
Янош,Янош,,,,0,
Янус,Янус,,,,0,
Януш,Януш,,,,0,
Ярема,Ярема,,,,0,
Ярило,Ярило,,,,0,
Яромил,Яромил,,,,0,
Яромир,Яромир,,,,0,
Яромисл,Яромысл,,,,0,
Ярополк,Ярополк,,,,0,
Ярослав,Ярослав,,,,0,
Ярослава,Ярослава,,,,0,
Ярославна,Ярославна,,,,0,!